entry_id,dmsid
8a50ab6e-ecdf-4f17-ab7c-61f71f8db26c,684039448522386
d90d2745-b1f7-4952-bfed-64d849341493,684039448522386
78cb2a80-e6dc-43a8-8808-6ba4fd7ff3bb,684039448522386
4bfaf2e8-f461-4ca2-a38c-9f59c73eb128,684039448522386
6377ae4c-3b9f-4156-94a4-747635f46aeb,684039448522386
429faa85-713d-4575-872e-cf20ad69580d,358485258515291
50d84ccb-202f-418b-8e30-adc24cd927c8,670656113748007
cd6f02b0-45e6-496e-af36-95f45530e76b,603444078605214
42483965-1a2a-48ce-bb4c-92661facf372,756543252015103
cc41d8d5-e8da-48c2-a958-42a70103bbd7,756543252015103
1820033d-49dd-4cc9-840d-b49d65979697,244593951689594
aa649f4a-ef54-488b-a9f5-e029fce4624d,244593951689594
d863eb75-3501-4785-93b1-e342d90ad532,912013211588502
6a4a63f3-24f8-48e1-ae4f-9e9452d07b8e,912013211588502
415098e0-d92d-491f-8a61-769b36e97993,912013211588502
13f5cc0b-c88d-4a38-bb41-845ac678ea75,921211031767514
99627276-c373-4964-a671-6b890fd00a30,921211031767514
9117a857-1f57-4b37-bfc2-4f5cbb55feaa,684039448522386
e3ec8203-8b51-4f80-aa30-2f67f9a63333,684039448522386
e51758a4-ebe7-4ed4-830c-a5a039697367,684039448522386
18adf617-38fc-4973-ad45-980aa4a6cc94,684039448522386
dd2a5032-5a67-4213-ab0e-e0950800673f,684039448522386
f5a62122-f897-4f16-a39b-6f845cab072e,358485258515291
6f6c5129-5125-4e89-af0a-cf334f89b346,670656113748007
bcb50f53-644b-4d8d-9604-b85c962ed4f0,603444078605214
a6437f6b-3fc5-48b3-a939-ff39ecddf282,356293066318837
f021cf4d-4595-4a76-81d3-d1177707500f,356293066318837
4386b09c-1143-4237-b504-9870ad6dc59a,356293066318837
bd4cd632-227a-4e3b-af53-af1be85f9ba5,356293066318837
ad12731c-fc40-44dd-8214-8724d8eba6a1,893868610004876
5cd5843e-15e0-4d82-b372-1e7547ad4b7d,700026785994642
a96f678d-20f5-4c27-8431-abd6708f1522,700026785994642
467a42bd-e458-4bcb-91a1-0003aee12c1b,700026785994642
67460148-5866-4e6c-ac24-577ab04a0f60,772177056456755
edeae552-adce-49fa-a736-15a3a82cb369,772177056456755
3fbe7d92-d77b-4184-99c1-8b6eeb9a02dc,299688591933376
6805bbc0-ff9f-413c-a8f0-8d567042d8da,786299879169672
5e6a638b-cdfe-49d3-b1c3-d92a430ca028,786299879169672
e43cec4e-15d7-441d-82d8-3fcb2d21a13b,786299879169672
bc2e9a85-3ccb-4694-9048-3afa9bedb881,786299879169672
6b13c007-79ae-4f40-8d4f-8131d7bf151e,602556287647712
ff7b4c94-a732-4d85-8aa7-4a880b3b28f7,602656287647712
7beeed1c-04f5-4e1f-b429-c98b39dafe1b,602756287647712
6d19fca4-ad3a-402f-8adb-6f521538faef,602856287647712
959bf9e2-a63e-491d-9db2-2794861aeeee,602956287647712
4656bd87-54a2-4c7d-a134-976b1f4f03b5,603056287647712
0e34cc4a-e74c-4918-8e72-d9237be7ed5c,603156287647712
3b6e6c5f-3fea-48d9-906a-62dd81289b36,603256287647712
8de59f55-eafe-45f0-baa8-e56f7c6bba81,603356287647712
c7f3bc6a-f831-41a2-b5f4-1dad66d7646f,603456287647712
54cd0dbe-240a-466c-8396-16f4849cd1b6,772177056456755
25a38d9f-5c61-4920-bab3-4ba4ed01080c,772177056456755
134f4529-5647-4919-89ad-d1aa79ec64dd,244593951689594
f593eb7d-ec95-4d69-982a-3d40e7f20c41,244593951689594
41b6f05f-93a1-4426-86eb-2edfa9560c14,602556287647712
841a4084-81bb-4a88-8d88-68d5ff608568,602656287647712
63b7e280-eab7-485a-b9e7-44d72368d262,602756287647712
6f3e11cb-0d34-4457-a1e0-62a7c9a24a83,602856287647712
7cbecc0d-c493-47ed-b0b3-ffcb6631c136,602956287647712
03fdca14-6557-47f1-b6e8-38c96efab3a3,603056287647712
afa78dc5-52e1-4d54-bbbb-3a3a16e2caae,603156287647712
588cb990-9ab7-45ca-b530-cfa96ce254fe,603256287647712
9cba7fe6-3759-48f4-91c7-2dc4b9c0e010,603356287647712
16179886-4488-45ae-8481-cd881b20bca2,603456287647712
c614e8c6-d832-43d5-b83a-2fc5779aa650,244593951689594
fae48aaf-9feb-441f-8d54-577a631991ea,244593951689594
14b6bc72-463b-443f-9aae-b5e4366a33d7,698339559525091
c73f8327-8d14-4bfa-be65-29f610b1e1e2,698339559525091
a2300804-9593-4d01-a126-54994f0a1179,698339559525091
93270a15-cb9c-4f30-8570-912124e73340,698339559525091
63bd4dde-8f05-4651-8ea0-3f415b55e782,698339559525091
f0fad714-83dc-484d-a3e3-f693934b1793,698339559525091
94d07b24-e69c-478c-bcf7-3091f3b5811b,698339559525091
3d070c4f-8bd2-4dc9-8194-c9ae01ef7ed1,698339559525091
28c6827f-8185-4ceb-afe3-a87279fac155,698339559525091
00930369-7ff2-4005-9628-ae242ff71c56,698339559525091
767a517a-ac36-4e19-83dc-bf0120ec3030,698339559525091
9260c9ad-7a90-410d-aa36-c90f149ea1d9,698439559525091
72fd37d4-5c41-4700-bd60-61d12ded054f,698439559525091
9f4d8554-3380-48b3-8b98-ca08dda828f7,698439559525091
6c33e019-a03e-4ac1-8e0f-224a6d813b42,698439559525091
fb9eb211-6965-4e58-8163-f99ca129968c,698439559525091
1ea97405-9c99-4935-8dda-1f1a17dea2ed,905347821347969
5faac0a6-33ed-40a2-ad8e-acc57f04a976,448797697629624
4bf4aba2-56d0-418c-b0b4-a82a8e2c5dc4,448797697629624
3b161640-1430-48cd-99d6-843121b01cb4,448797697629624
968753a2-4817-4ad6-b6a6-90b5924e95f3,153559978386006
fe1fe400-cafb-4e23-a13d-d58a64f8ceeb,153559978386006
ea12b70a-d67d-46a8-a5f2-410a33e058a6,153559978386006
02bd5462-e1c5-4e0d-8271-f8de1488eb65,153559978386006
c8ffc83a-c5cc-47ce-813a-e068b7115580,153559978386006
52a66ef4-fbc0-45db-b4ea-bc77213f723f,153559978386006
c268fae1-c5af-4cce-94f2-e5c8444ccd18,153559978386006
b60d69a1-a028-4741-8809-03d501106297,153559978386006
7266f704-c6a7-4fcf-9e7d-47dc6a013cb2,153559978386006
9c2e6fee-4fa5-482f-8f17-d5a9ec502629,153559978386006
9335f4d6-6e62-4ca1-8055-c3b5f9b5893e,153559978386006
889a7e27-d6b2-49a7-af88-3346e16d9530,153559978386006
3768482f-b02b-4956-91f3-69247b7dabf8,153559978386006
359a5269-6a65-44de-8c0f-8566bedc28f7,153559978386006
3d49909d-51fc-4891-a421-78591059ea28,153559978386006
ab6a41f8-b1be-4889-ac58-91fc5a335918,153559978386006
a6a52425-8a59-4758-89d2-7e060116ff57,153559978386006
8fbea48d-0215-46a9-a5eb-7c625d7bb881,153559978386006
a0b20930-6627-4937-94d7-7abada477aff,153559978386006
5aa084d8-3dd1-4291-8bc0-15a934e451bd,153559978386006
c65eff71-07f3-4a11-a776-712cdfa6a366,153559978386006
46a8ea03-b6ac-4800-affa-8e3f67a4d7ac,153559978386006
f577a2b5-c8c3-46e3-8805-e9aa6f7a3710,153559978386006
2e4ad65a-ef13-4ebd-9fa3-8b145af0f1e1,153559978386006
e3e8a1a2-82fa-44c9-9849-4b5db772b293,153559978386006
2756f52e-110d-4dce-a6a8-4446b0758767,153559978386006
4f42aa20-b85a-4cdd-99fb-18ecd869623a,153559978386006
a5403b91-b331-4f2f-839d-8b3c46521f38,153559978386006
f6f2a25b-f7c7-4125-9e94-cd2df2decf01,153559978386006
f3ffd91b-e735-49e4-812a-ec01aa615494,153559978386006
031f110e-884a-4c2f-8398-99a629818f0d,153559978386006
e19e9989-8137-41af-a562-238e58f7ab24,153559978386006
a6e9ceef-c455-4fce-a3a7-81935e670003,153559978386006
686b9cae-45b1-40e5-9009-f3ae21238702,153559978386006
ad2e4695-2db5-4ec2-8c3c-6b38dedc5cf2,153559978386006
d4f685c3-ce38-43f7-b289-33d437875447,153559978386006
6f8254dc-45c7-4acf-b1be-b19265f4c40d,153559978386006
48d674a9-7169-48ae-aadf-58aab7fa7a36,153559978386006
bbf125c9-0e3f-4d5e-900a-391746f14d13,153559978386006
2aeaef75-a2c7-4e7c-a91d-fbc678666aec,153559978386006
d871dc6c-46e1-4e73-b32f-b6664c81734d,153559978386006
7590f4b7-5c6d-4f13-8552-b4cfe38edb65,153559978386006
6296eb5a-1d7e-4c44-89c2-ae719c9d9ab2,153559978386006
3f4560f7-d097-453e-b8e5-861592f6ed5b,153559978386006
700fb9b3-e0b9-422f-8c6b-6bca51ff6336,153559978386006
316b8e50-ba50-42d6-b191-154a4ee58890,153559978386006
4ac82d45-94dc-4f1c-94d7-b91987a7966e,153559978386006
2777720e-45d4-400f-9225-0c760dc7610a,153559978386006
970df1b4-d7ff-4cf3-aa6e-fc3962116c10,153559978386006
2919cc99-e3d6-43bf-9363-ab022df1c646,153559978386006
abf7a79d-52ac-45e6-9f33-4bf1e6121b85,153559978386006
3af5a140-30dc-423b-83e5-20dae349521e,153559978386006
b2862387-614b-4bdb-955d-1e18bb66fd43,153559978386006
e6ede289-28d5-40f9-a1b1-23529809a754,5132609315143680
01970b86-95b1-411f-bcee-60913d745bcd,5132609315143680
16ab0ce0-0ecc-44bc-aea0-3b3edf12832c,5132609315143680
40b0bc15-fa8e-478b-b2bf-06217a4b2940,5132609315143680
6025835e-a7a6-4dd6-a169-d4fdd6202174,5132609315143680
a2bf3a61-b025-4bfa-b0b5-d372725d4dc9,5132609315143680
bd9b2b53-bb82-4a45-b48a-d24599a73fdf,5132609315143680
d73c4de6-9ed7-45af-adee-b72ad708e939,244044880696476
7bd7e7a6-6fa3-4fb5-b102-0b0939555769,244044880696476
b97f9237-00ab-4b6c-b5da-b5c8c4341762,244044880696476
ff72a550-9404-4bff-aeb7-b84efe669d20,352369598709622
c1b1638a-17ab-4131-aa82-cce47f47a940,352369598709622
711dd130-5af0-4735-b8fe-66a01ffad3a3,352369598709622
38f4459c-e131-460c-ab65-2233cd3df115,780127922400075
564a0ed6-6338-4cc9-b596-b448856f5cc9,780127922400075
b5465979-4eea-4763-bd37-783bb097963f,583678446556142
1449821e-3da7-4bca-89a1-6062cf62d888,583678446556142
932a6edf-6e99-4c56-ad80-21e804e4815f,583678446556142
3f39eaff-24f8-43d7-b659-e8ab5c2b4160,467758754293312
ba5fbabd-b0e9-4357-abea-1807351b136f,467758754293312
9cb572f7-3038-426c-a751-83508c383d36,419921711882719
d500933e-4b06-4e0c-9f55-9c838f39a914,419921711882719
a3b1f048-d7b1-4ffc-b7eb-9d22c42c05db,419921711882719
0feb3337-87fc-4846-a21d-6694cd9102e5,419921711882719
d55a0760-3d64-458d-9bfc-8f5cbe5497c3,393166545699820
45f3c1dd-37c2-4ec8-a0f0-b5131663aef6,393166545699820
adcba408-b324-474c-abe0-a31c55edad8d,393166545699820
26a5a968-b044-4ac5-a5a7-bf8f51e1c2d5,393166545699820
5ab281ba-1a5b-4ba3-9207-2400555b39df,393166545699820
b76d4f43-99d7-4bc9-84e3-34a287fd4706,393166545699820
c02059ae-cb51-468f-83f8-e12f0db8cc39,393166545699820
524f06ff-a624-41b4-a8ff-9423062c2ed9,393166545699820
051726b9-469e-47ca-ac26-a9ec4595edca,393166545699820
d1df62b4-8ead-4da8-9817-6c8046234209,393166545699820
39691cfa-3baf-4518-804d-dbdbfb63fcb5,563966003819588
35d7f082-02d2-490d-ae7e-4909c8091741,563966003819588
99ce12b1-ee27-4d0d-a3bb-44a35a880222,563966003819588
101ce56a-eaab-45e0-8026-9f8b82b96f4b,563966003819588
7c42af99-273d-42f6-9546-7ffeefeeb11d,529958977594784
ec4ec943-ed47-4ec2-bbc7-d32e85ca2c6e,529958977594784
011be297-6777-451f-83a1-7cb35421f798,529958977594784
f72c3644-1507-41f1-9ac6-c3aec6d7ac02,529958977594784
e4daba20-3533-4b10-94e1-252baff21777,419810167106565
57dcd7ee-a510-4812-96a0-0413201099b4,419810167106565
60815ba7-85a4-479d-8127-97d67330238e,593936251793174
2aaf7628-bdf1-4275-bd40-e8acb574de59,593936251793174
9c697682-3428-44ab-9c65-cb90db989e06,593936251793174
f593d85f-71e0-4e29-8745-be674dc29151,593936251793174
2f50dcce-0e1a-4be8-8f20-45cb1f11a2b7,593936251793174
6c588e70-62c1-40e9-9108-c7c9413d4f2a,593936251793174
d179e38c-e624-405c-9a27-59f8b7863159,593936251793174
0da7e091-7313-4087-bd39-bbc939b158c6,698339559525091
ec2171df-e182-4130-bdae-c19f0415a140,698339559525091
b4a1dcf1-2dd7-49e0-aaee-782ca08479ff,698339559525091
f11ca2ce-b8af-403b-8cf2-dcde186068e5,419810167106565
873e6bd0-23ea-418a-b333-f5e6e4b9b211,419810167106565
49f15a43-4c91-4c85-b585-f73f08e0c435,593936251793174
4c86160b-a17f-43f1-8d82-caa20f03d042,593936251793174
82716f95-b835-4c55-884e-b22ae544955d,593936251793174
f0aae665-5a59-4607-a311-cf55587aa016,593936251793174
8f4e2eb4-eb88-46db-a4e4-3e622a374bff,593936251793174
2f74c05a-eb37-49ca-bb4a-b4fc82262714,593936251793174
0f3f65be-7c1d-44aa-997a-cd212f518200,593936251793174
6658b917-bf2b-4871-9fef-c499e9614892,698339559525091
816d8505-b044-47fe-aed5-b435fc7227f9,698339559525091
256d046e-44e8-40a0-b99a-6f03963232be,698339559525091
5e3ef22e-b78f-4756-a6fb-9bbcdd545f44,222540404941605
0b9b5a45-b0e6-4040-b929-3763b7abbb49,222540404941605
8a624071-c292-4398-9232-d76fe6528db5,222540404941605
2e6162d5-1912-4f64-a9c0-652f4112725f,222540404941605
11e57cfc-f381-4e7f-a44f-d3ac97d7450d,222540404941605
a338588d-79a1-4414-8add-0bc542b211a7,222540404941605
22e5a776-ab93-46b0-be40-1032bf2bf7e7,222540404941605
94ac431d-cd4f-47e9-b0ca-9d6291b10583,222540404941605
8efc85a4-fc75-4b95-bffd-f075b652c3ad,222540404941605
f1c3a800-7bdd-428b-8e4a-265bf88e1d3a,222540404941605
44726acd-c897-489c-ac15-e59f76b1ea51,222540404941605
573036fb-28d7-4130-86c7-f929714f8907,222540404941605
054ab25b-5db4-40c5-81d3-1a6024a8ffed,222540404941605
f54b66ec-b578-4ddc-8c77-22d115139303,222540404941605
9e581c93-a10d-46f1-aeb4-42253d2d6745,222540404941605
e2fd7895-81a5-42c1-9dca-70c4a8f6b7bf,222540404941605
199a7c96-6a3d-4169-ac0c-64d38fad1ed2,222540404941605
c196afea-139f-466f-b69a-192b37d41b1a,222540404941605
6c3c816c-2a46-480e-a830-db5713b02ce3,222540404941605
51200302-1182-4ccb-9985-c834610acfac,222540404941605
79d4829a-87f1-4fae-b61d-5a55dbdcaedd,222540404941605
8949ff5c-62c4-4cff-82a2-e05c0acf5277,222540404941605
d04f7ce1-009b-4334-a3ea-a92678416f46,222540404941605
06f4a8b2-a639-42bc-92f2-b2ef95426f92,222540404941605
03f3a35e-7b6b-45f5-9181-749165042c12,222540404941605
efe2b271-cb51-43c1-b4a8-e10091112165,222540404941605
90ff8bdd-6aa7-4ee3-8931-abb7dc212608,222540404941605
91b0fbc9-b9d0-4c6d-85c9-08736213f14d,222540404941605
60fd9c5d-c06b-453c-9791-b160de59ce40,222540404941605
29c45e90-9663-44c3-b188-930cd0a4d72b,222540404941605
58cd3fe7-186f-4250-ad34-364ed1140cb1,222540404941605
8e506c9f-6a8a-4711-be19-261a9da40b47,222540404941605
8b011ff5-3c0f-4ebc-a5b8-2f653f98df55,222540404941605
dab4c894-1bca-4586-bf7e-83405dea9e3b,222540404941605
f60c829d-3445-449d-90b9-33ff66f9882e,222540404941605
d81525e0-45b5-4cbf-957e-8c43153007b2,222540404941605
fb2457d3-c32f-44ad-bac8-d94814c6a599,222540404941605
bf127539-f73c-41fe-b599-6f90e886e838,222540404941605
3aecd231-f86f-48b7-a8c0-b175af805319,222540404941605
3e573274-6ae9-4811-8e1a-09e453a076ed,222540404941605
43844e61-397c-4417-86cc-5a8dc2fc71e8,222540404941605
0408e13a-fb45-4260-8010-adc34e7da25e,222540404941605
6692e8f3-b011-450d-a0a7-6d6826f7c0a7,222540404941605
a89e8f6c-6ed1-4ac0-a05a-7e222494b34e,222540404941605
85a17a0b-ced8-4250-a855-354dbe1cb8c1,222540404941605
ce107816-5c3f-449d-b029-8ba544989bc8,222540404941605
688ac580-7eb4-4b6e-8614-378f4f1c7354,222540404941605
3aa4bc4a-c1d4-4d3a-875a-c7efea36b8b8,222540404941605
59c01c91-2b95-42ef-b591-236d24c3e1a4,222540404941605
96376cb5-b3f1-4da5-b0d2-ba7e3a355e71,222540404941605
c3f5df91-a97b-4716-8e0c-52888b8a9915,222540404941605
f29a8a9e-1725-44fb-8903-c75443559294,222540404941605
c35338fa-58fe-4b07-90b9-9af07559da3e,222540404941605
bd6f8983-2f62-4f71-8919-b505dd65c3cd,222540404941605
7b435eab-7314-4b17-afde-84016f5ac644,222540404941605
095d08b1-0990-4ac7-a485-a9d7d04ce455,222540404941605
3208976e-4b79-4fe7-a9cb-af4fc2badd58,222540404941605
76db7630-71a5-4663-9a3d-9e27962b1552,222540404941605
0d04feca-706b-4b34-91be-b0730303baf4,222540404941605
b4d399c3-8928-482b-8070-cd11851f6261,222540404941605
370de21d-b88f-41d2-bf0f-04744a4c5ed5,222540404941605
98dd8b82-a655-4f0b-a546-6d5d50041a07,222540404941605
4b8ae64c-746a-4e11-b62a-8b6db7dbb74d,222540404941605
9c666815-c3fd-4968-86a6-1afca1ba04be,222540404941605
a97907d4-ecf2-446e-9753-9e5cdbc16506,222540404941605
31c4d5ce-8326-4bd8-9a87-86520b142c32,222540404941605
3160cfcb-57bc-4be9-b63b-eb1f53e81862,222540404941605
2b642c02-c69a-49fd-b23e-8f34675b3f03,222540404941605
3abb6b10-d7ab-4444-a230-23bb2990eed4,222540404941605
3cf06f71-e6a6-474c-a6f5-be96524eeaca,222540404941605
ff8b6fd5-9e66-4a07-8dd8-22dd6204bdbf,222540404941605
ccec5c59-d4a6-42f9-8147-61d2c5275822,222540404941605
359b46d0-bcbf-4c13-919f-15ed4744105b,222540404941605
c84da8ea-3a4c-43ff-be15-80335f5e423f,222540404941605
276e34aa-5959-47eb-afaa-adb7d7bcae4e,222540404941605
c92b2ebb-b5e8-41a6-a6e3-30f9593bc96e,222540404941605
c8b1b673-b460-4816-90d9-3c2e94fcf355,222540404941605
6ac165ea-f0e0-4675-a23b-0b8ec6e5833b,222540404941605
d7f107d0-b778-4683-87dd-d4a8f66e9d3c,222540404941605
e269b890-6ada-4438-ac76-54117457ecf2,222540404941605
683bd15c-fba6-41f5-8933-5397de570143,222540404941605
73163e27-cf33-4501-a84d-0c18d59ac378,222540404941605
f86a87c1-56a9-458e-83eb-7c5f2d2d27fd,751350604515746
4aa7ebed-1495-478b-8d40-e951ff1aed88,354432998257040
393be031-b916-4918-8ef4-cd4d902800a9,354432998257040
5ddf0f91-253d-4ca3-b09b-97f6f5ea02fe,121238566644234
7a553bd6-4b61-45d4-affe-a8cc366abe8d,354432998257040
8acae0c9-15b6-4879-88e8-ee0437bd94a0,354432998257040
66b92ee7-8e0d-4232-b811-b9eba11caf83,121238566644234
f74363a8-ba37-45d7-8ad1-8e587d800e41,339146172355638
1e8b2fdf-2dc4-4bd4-a458-ff00527d3a19,339146172355638
e833d5d7-a8ec-43e6-97ec-a67097d78685,912013211588502
c5fb0ea8-6928-4dfa-b0f1-83fe9c83b5c7,912013211588502
a9e76b8b-356a-443f-b5ef-b0534c39344c,912013211588502
e0c09d44-bd7f-4c54-9f0f-d1b1b31af7cc,354432998257040
53fc617f-a431-4533-b6ab-36b3da04888a,354432998257040
f86a4f5d-f7c7-414a-95c6-4bdca1bec882,121238566644234
5317b7af-28f0-4cf6-a252-ce498482dd91,354432998257040
54cf60ab-faca-406c-8a52-592c600ae435,354432998257040
9fe2a602-5a99-4abc-bb34-65abf030e052,121238566644234
64c66474-8d6a-4ac4-b434-5b5f72ab9216,544070185071486
623d0429-602b-4d77-9b27-898020d045d1,912013211588502
03e7c487-3107-4898-bdf6-b3b715ccd234,912013211588502
40b6b05c-5537-4ba7-9248-d4517bde004d,912013211588502
32fb48b5-0f38-4066-a9b6-ebe57f72839c,142267566459170
9c07d798-5faf-4c86-aa4f-08a8f37d62f3,142267566459170
df5ad27f-8098-4da9-b8f2-602708f904fc,478371236448752
ee39e68f-32c4-4f59-b870-ffe88ad98240,478371236448752
d81b97c8-a9b1-4447-a7b2-b8f445d7d590,478371236448752
8989be23-8d92-47e1-a476-de7a3bf9e853,394802349260141
e9e90bf2-a81d-4446-ab04-6b7c47d59296,364365762007127
8e305cda-4de0-4f8c-bc44-6df8159453a5,364365762007127
5bb58fcc-5269-46ec-ba63-7a7f50dc12ca,364365762007127
4af519c0-ec35-4a1f-8c38-7433e1e0b029,364365762007127
6776dab6-42e5-4a85-8131-6c165e24b6b5,364365762007127
ebb823ab-edde-4808-a777-d2444d54d679,364365762007127
4efabf8b-d442-4381-9036-8cec7b4c4e32,364365762007127
a6ba087f-551e-4bed-9cf0-fe7559f14073,402004256933338
4baa0e97-607c-42c3-87a7-7f12e21e0eaf,402004256933338
8a519d63-1271-4378-bfca-63a634ea25ac,700026785994642
2a7010bc-2e73-498c-bf93-5b82046ee0a6,700026785994642
066f5ab8-ef45-4a37-95dd-34e263dcb406,700026785994642
bdf87596-5d15-46e0-8c1e-3125330c6d12,402004256933338
bc862c50-2663-41a0-bfe6-eafbe4630c68,402004256933338
c6ec836e-fed7-4df8-8a88-79291d4c0c01,709489490993948
683cf17a-1524-4b9c-84c5-c19c240bfd31,643116257697828
ae3ef6fb-796b-4d62-9303-d5b99b707b6d,643116257697828
98b03472-3600-499d-a1e8-7805ba4cb0b8,643116257697828
6de2948d-8fc9-4755-b21e-0383c7cd9cf7,351701997614822
1d9c411d-07ec-4cd6-a8df-1749c0788bd3,351701997614822
f7d6ebda-2fe2-479c-b3bd-b70d3aaa1a18,351701997614822
e676fd13-d081-4d50-b5f2-967a9abcc22e,351701997614822
2c70adca-baa8-4a16-8ef0-50dc9224b376,973958566303519
071d5369-1131-43f1-89de-1a3d5dad0b3e,840932014387873
5dd091ec-2c82-4a80-a84e-6affd2ee7a52,840932014387873
f1ef4dee-11a6-42a3-9c52-88a81d9b8e07,840932014387873
19a3350a-5e99-44f0-aea8-af5c251c8400,788948813466019
8ffcdb51-468f-4f4a-8df7-8e532a92f483,788948813466019
bbf6fbdf-db7c-462c-bf8e-082d8ae7bc68,788948813466019
1f8499fa-b473-4b52-8ac0-0a1b184e8bdd,853647395115602
a9356d5c-e76f-4c6f-a3e5-8828a8b28c6f,853647395115602
9bf4cbcc-d73d-4547-adc3-11737e3250a4,767915070334028
e6c729ae-6b61-4def-8374-0b76e3e60c19,767915070334028
4e4b5487-a8f7-489b-9b98-83c33844da2e,968305713142408
f9d25917-c4af-4d80-8bba-0d42261eb844,641414197553009
f8bbe236-a000-4a77-9cbb-811fa273efb0,153559978386006
5af7d2c1-db0d-41d0-be2f-e69aa9b9cfbd,153559978386006
63678ab2-4d88-4774-834e-5071f9702386,153559978386006
b74031b6-fb61-487d-a888-ce91a6fe93bb,153559978386006
353c8371-292a-40bd-bea8-298df0d4cacf,153559978386006
7efd18de-8425-4c03-994b-269bc48d00b1,153559978386006
470db602-bf18-4ff1-9e84-aed79d0e6235,153559978386006
d05f3b13-3dc2-4c77-97a4-54ae6fd83e13,153559978386006
b94d926a-8ba0-4e7f-a543-0296cde7ea2d,153559978386006
c70981d8-7694-482c-a12b-96616ddbf24e,153559978386006
effc6af2-9e48-4d34-b23d-b6aa311c06e3,153559978386006
1917044f-40b1-44f1-a2b4-41713acde955,153559978386006
a3a3d35e-c68f-4fb6-9f38-414e03345350,153559978386006
c047561b-c837-4265-8131-096f2bb29c97,153559978386006
01f25248-18ff-4913-907c-2c4d3ea2023e,153559978386006
3790fb40-abd2-4add-850b-137ffd5191eb,153559978386006
47f39e3d-20d7-4e83-82ad-8633196e40b2,153559978386006
80569bfc-2093-4bef-b4dd-aba2d1d22f9e,153559978386006
94f66a44-b5f9-4f71-b2ee-ed312818510f,153559978386006
c57ff943-b7ca-45f0-b3c2-44efe54d5c03,153559978386006
d67e4f65-5556-4ed6-b68b-c864b4d00e0c,153559978386006
50caf54d-7ff5-496e-a9d4-678d0f528d6e,153559978386006
f908564a-0d6a-4ac9-a289-5b2e724417be,153559978386006
d0565af3-badc-48d0-893d-8c2bd3ac25ae,153559978386006
66365121-940c-480a-8a2e-1470b5e3e3ea,153559978386006
f5612846-ab67-4f09-9d24-114e8a394b01,153559978386006
d101b7ca-8dc1-4dc6-b244-14fa6aefbed8,153559978386006
c525be23-ad35-459d-bded-43adf47d1985,153559978386006
77c5a64d-7319-4620-b8f1-7842db91d142,153559978386006
1fad58f3-5349-4d91-965c-dba810f77126,153559978386006
79188973-9cd8-4f8e-a942-679bf6afd4a0,153559978386006
b9ca04f8-b476-4f1e-ba21-0d78005e5c6a,153559978386006
311c3c5f-5cb3-4a7d-836b-8bdd9ea4ade5,153559978386006
cb91ffe0-2de8-499e-8e9d-1eaa17ad65ac,153559978386006
95d7ce47-c752-4eb7-8e1b-557a70bf415f,153559978386006
b0f624f6-5037-4594-a577-7346cc64745c,153559978386006
1d8904e5-6c4d-4dbb-86c6-3f1e4fb08c95,153559978386006
9fe4f905-f0fc-49fb-a718-ab1bfa5f6699,153559978386006
ad02dc3e-3d4c-4699-b23c-27eb6eac97ee,153559978386006
bd432cb4-a26c-4275-a73b-e544144a76e5,153559978386006
d4200ff4-d599-4ca2-a711-e7616738df7b,153559978386006
c0925079-f8ea-44dd-8b1e-023f94ba1441,153559978386006
9eb3fd96-286d-479a-a4d7-80ebcb6bc509,153559978386006
bfbb346f-d9ff-4750-9c97-b21c77c413a1,153559978386006
dc96f3e8-8797-4ad1-818a-802cdea65740,153559978386006
62239bd1-b555-4c17-ac3c-a7dd386234f8,153559978386006
199ee683-1aac-4292-9682-2ddbd14456d3,153559978386006
09189c3b-fc80-4db0-99ff-7840cd6bce70,153559978386006
4beb7417-3031-4175-8f61-dc8619bdcc47,153559978386006
6279f14e-b520-4f75-90d1-05d8d524f11d,153559978386006
698fdefa-52fb-4de5-874e-a965e718f901,153559978386006
6b5e5f4d-d1af-4045-8cf8-4688051cbee6,153559978386006
595af919-8d6a-4307-8668-da18751e8fc4,153559978386006
6ef42da1-6a35-4d72-9028-cfb2208aecb4,761690135466530
ece62e3f-c1c5-4108-8f05-3d25e21fc611,761690135466530
55adf565-4c56-459b-834d-cf26a1bf65d2,539396205795537
65b13c70-39f6-40bc-93d7-42901d1d4d42,539396205795537
ffc0ffe9-ae60-4681-b55c-3c55c9de5bde,539396205795537
a05f1e1a-9638-4c60-8313-495787a786bc,986176316151178
939cf75f-b3d4-4dd6-96d1-c175a67e3094,986176316151178
f5861ecb-6781-4427-aea1-00b61b7d04e1,986176316151178
b6fbb1fd-3ec9-4add-b160-093274db78cf,628240955842140
bbe38246-96be-47ea-b699-da0f51b1e983,832402486727926
263d8d27-ed1c-4e93-9936-15c01b1533e8,359951725183748
da00c782-09f6-4f8b-a763-e259b3dc342e,359951725183748
4a1ba33c-a204-4d90-84c4-09090c05af00,359951725183748
192e5b43-1028-496a-afa4-aa138ed12f61,329522478501896
20a42f7f-729d-4b14-a387-265221bf171b,329522478501896
793c3bd8-5b4c-4a6e-9504-66d851dad73a,329522478501896
4a6e68a8-aa21-46e1-858f-97119de76e0d,707996888629694
c9111760-6b73-4218-b325-0f92f67e7241,707996888629694
76ddcd80-191d-45d4-adfa-825ebb4ca6d7,707996888629694
7fadccb4-6657-4f49-a187-79f1a1423caa,707996888629694
d7363580-efa7-4f5a-93a2-8db84726c794,707996888629694
0ad7582f-059b-45f9-ba5b-6a1140f5f1ef,707996888629694
9a5ac878-5fb7-4238-8a1d-832994478f89,190988096573612
18db0784-51db-4782-b1dc-d092f6e9c059,190988096573612
5ccd9def-90cc-4263-b078-24cb14185bba,707996888629694
dc83cd17-4a09-4b7c-ba84-6d712985e053,707996888629694
d5d681d3-a088-4801-bfdb-771ea30024bb,396370836834614
c0ab15b8-48ad-42e9-9489-5a8d5b4ecd17,396370836834614
55c8d742-688a-46c4-93d9-6cc56f455975,396370836834614
e1191ca0-63ef-40fe-bb18-02ebda1aaf30,396370836834614
c1196e7f-2f92-4471-afac-3a6d7d68d6ad,396370836834614
96f381a5-716d-4227-9f1e-819ade34ee8a,396370836834614
37b6d527-d980-4b01-822a-91af60b6343a,396370836834614
54b5394b-2072-48f4-8013-98f805d7aeb8,396370836834614
66bce3aa-5d6b-46bf-9c95-0fe3bed1376f,396370836834614
9d7a1154-3193-4a00-b356-44fb3a5f421c,396370836834614
4d97dcbf-c728-47de-bd46-8a03d3b569a1,707996888629694
ed83baf4-14cb-4130-8ca9-637500963ac8,190988096573612
2767b740-de29-48a3-984a-2540c4dbc4cf,707996888629694
55b65d30-45b3-48f3-a021-839069bc6430,396370836834614
59d7e3e5-7568-43ea-9894-0fcd642fb066,111111111111111
07f1827f-76c8-4d3a-a5ff-d2e946ae1cc7,914079696357161
c4bd984f-3d01-43d3-98ab-fcf9eb221ad6,134430941056733
8ab38a28-21b4-42c4-9e13-fbb2e0390e59,134430941056733
e89d15d9-f4b3-4ae5-90ca-903c7e43b084,963227578934591
8ea57621-c828-4d0e-87bb-81eed010708d,869805520835000
b43a0145-78b5-4f57-9b6e-2b76de734184,869805520835000
d8415ddc-3973-4fb4-bf83-c64a6de0198a,869805520835000
836e93b0-27d8-4f4c-a7fa-2b465058a4e6,869805520835000
a6969650-cd94-41f0-a89e-347926e03ec9,869805520835000
4108462f-225d-4124-951e-3e433964f6af,869805520835000
b5849fea-d012-4019-8ff8-cd1a7d8391e0,963227578934591
af20e8d8-0248-41bc-8277-0ca3067ec136,963227578934591
a4486f00-613f-40ba-b051-239febca979a,963227578934591
dfce8d6d-49ed-4486-aaf2-ddc25b6d76a2,869805520835000
322784ca-6e2e-478d-91da-f7ee4c411409,869805520835000
7381fce3-e1ef-4f08-960b-f2b4919436c0,869805520835000
a834b093-617f-455e-9262-05c85e939dd5,869805520835000
60d6cad7-e1a8-45af-8e87-06314df6012d,869805520835000
e705e294-2eda-4af4-8ab3-4f9343bb8101,869805520835000
dfd70bea-3c1c-4229-b843-75a3b63a7ba3,963227578934591
341d48f7-657f-494f-919c-0a688c722479,963227578934591
c8e428d7-06e0-4f5d-ad5c-c873b152ca9f,688157194682003
ec6cfdb5-3989-48d9-ad50-c7023a004598,688157194682003
d4c78f89-dbc9-43a5-bfb7-65e2f8e11813,127494164715912
9f4aff22-8f76-4e71-9b61-8971fb70d06a,127494164715912
43290788-4bcd-4f31-9d06-d847d20ca6c5,901704601472360
c65e07bf-a13a-40c7-8e93-e114a25a8a57,786299879169672
569e2eaa-fbe0-4728-9913-e88e863bc2fb,786299879169672
3bc66025-8c2c-425d-9e44-b8b6b3d314a3,786299879169672
2c6172bd-9d06-43b8-a8fb-4dbbe38a570d,786299879169672
42eb80da-9690-4eaa-a212-8e04b4efdba1,786299879169672
a19d4ff2-c32b-47b3-8efe-df45d1f18582,786299879169672
092d983d-0f55-432a-bc14-1410297e5559,786299879169672
d1b330fc-a580-415e-915d-a43516dd6647,786299879169672
6caf8b47-77c7-4114-b55a-649e47658dc1,786299879169672
ee8aee61-a260-4c17-9717-cff1d5b439c5,786299879169672
4f6820d9-1f53-4b8d-bec7-5df9950c2090,232060141530383
61f29b63-e2f6-41c9-b8d5-b8a333591a51,232060141530383
9e4473fe-932f-40be-afdd-6804cd061171,232060141530383
22e781b1-a3c6-4e32-8843-a3cb49d3cb4a,896993835117686
b6fa9ee7-31bb-47bf-8e24-3d0ef1cc2d1f,896993835117686
bd785206-ed7a-4ce5-9241-155151a9b960,786299879169672
1d71f5da-4fbd-41d8-bd5b-664b753354fa,828347635057880
4b256c01-87f7-4ab7-9032-ac2ddf42fe43,828347635057880
7538e1bb-a491-44b2-9c74-71068fea36fb,724269196015191
2ffddb74-ce3c-4151-ab0a-2946fd0ec0a2,724269196015191
f02f91fe-3f8f-428b-a2cb-1d35fcde4d1d,724269196015191
1a702d6b-3e0b-482d-80b9-395b5dc87ecf,724269196015191
67ecce9e-cc5a-42c8-aa94-01ffefbce7f4,724269196015191
676fb233-8c3c-48ab-8ada-0a60ad3dd4bf,724269196015191
64c3fd23-87e3-4be6-ac8f-b550cba37700,724269196015191
df2fd6a8-06ed-435b-b5c5-357b99ad8559,724269196015191
cbe25680-4b04-4df7-ad91-b8495c34ee54,724269196015191
e9db5c66-3f09-40eb-a342-70e329287721,724269196015191
6513c57a-3071-4a78-b825-69741b5880ce,724269196015191
c9639cb1-99c2-4853-a0e2-c59a2346704a,724269196015191
b0fa6e0e-2ae6-440b-a72f-e688a8544bfe,724269196015191
c9ed7689-e7ef-4cf3-80fe-74def2f18d18,724269196015191
dc954e2c-5a17-4a8f-a059-46250aac8e24,724269196015191
c7086ece-890c-49d0-a6fe-606d654ca43c,724269196015191
931659d6-2433-4291-935e-a80ab00d3648,828347635057880
a84fda06-0a81-48dd-b7bf-2ca4bf240165,724269196015191
b152bd01-9607-4aa7-a761-0b28049e1679,847941235576718
59676ba0-5382-4476-94ff-a8ad894864ec,847941235576718
26d9095a-2680-4e42-8936-44b1a2b6cc86,126155458708026
d02cd624-aa70-47c2-ab35-349e0d752106,126155458708026
5022006b-7fb5-4249-839c-1414680a93c3,701804134826989
5d56a989-681c-4ae3-be4c-843eb11aedfb,701904134826989
ff8bbf5b-7944-4727-b13c-3afb510d5630,702004134826989
0ebe8c11-dec9-4a6f-8d24-14024a401cff,702104134826989
4a9722f5-beca-4ccf-9189-cf464bed3b45,702204134826989
52c67fd5-8a09-4f2c-9529-90fd77e76c87,702304134826989
6c67a9d3-148a-4e48-91a2-d82efc7b886d,702404134826989
5cc4bcbb-18ee-4971-ac00-963912b20894,702504134826989
86f2a502-941f-4e48-a63c-bd2587549c3f,702604134826989
022d2c8d-9adc-4010-aa5f-cc7810401b18,702604134826989
ae252fd6-4db1-4876-8d0d-7183e177b968,839670018646867
61b1cd31-ea79-4379-ac5d-e88dea5cb032,132663563959250
ab091e41-821d-46b9-9e58-054a87f31c5a,132663563959250
55221a4b-fc1b-46d6-b6a1-d158271953fd,570274772901367
661ec36d-df9b-442f-895d-8a54e1ea742a,570274772901367
2756bfa5-9ae6-43db-8cb6-1d020e21f9ba,570274772901367
889a2f46-f222-4399-8b82-549299d772fc,570274772901367
ad9856ed-b192-424c-bf02-429f2f317009,076606461988091
8cd2f61d-161f-4ddb-9af2-06f163f5f4b8,570274772901367
c95fa0bf-58ba-4407-9dbb-16a6408ac609,076606461988091
a7cbb64b-dea1-4b63-9ede-025c84aea314,570274772901367
d0d15122-8362-4fa4-9443-2ddb5e639709,570274772901367
c6d35107-4592-4579-bf99-630b122f3f36,570274772901367
b98bee2a-8232-4fdc-9dac-98a6072f12dd,570274772901367
198d06f2-e3be-45ed-8b5f-f567054b7bc2,076606461988091
71cd70c9-e0ab-488e-adef-c060bc1368d7,570274772901367
72e39c31-0fcd-4955-abc8-8f58b9588225,076606461988091
07af8a3c-db88-4cf8-b913-c6fff66f4a8f,427089390430050
8cb1bac0-fda2-4a7c-b6d1-cf80c8d405a5,146855990670530
98bc302f-88a3-4e9e-b3a3-f485f482cdd6,530002959311562
c14b6b69-89b4-4d97-b2b8-3efe9595f92e,530002959311562
de4a3431-3f79-40ab-ac43-c141cf591f09,530002959311562
8338d66d-33fa-49e5-8c6e-ff301e0287f0,530002959311562
d42f23b8-22f4-4583-8fad-fec5366ae77b,530002959311562
f66bc89e-3fb4-4605-9f29-b558e8b4e482,530002959311562
dceb396e-4f69-493b-ab94-8ff0188ce9c1,530002959311562
8561104a-b2ac-4ccd-836d-ecb6fb12f20c,397115818658182
b119754b-3dba-4964-884e-1bf0287f904e,397115818658182
b135e98f-45c7-4ac7-9a20-fe4d5940de27,417897837680021
b3946059-1eb2-4d8e-b753-c5ac1534b831,417897837680021
94a87243-aa36-45a5-8473-180bebf27a2b,417897837680021
c0b0239f-c02e-4d60-9a19-94b556934be9,417897837680021
98ca5ca1-6a49-449d-9f59-0bfcdc41bc96,417897837680021
10e852e9-cd7d-4962-9d02-8c3197e7022b,417897837680021
538e28de-14ec-4174-817c-581fd4cfa78c,417897837680021
3e9a1e0f-7d1c-40ec-ae45-6c345dcd9dec,807634896121296
a23a067e-7836-4479-8e52-a4c3e840c800,807634896121296
31795dba-1b32-48f4-822f-8c007edbcb01,807634896121296
7b8f5098-d624-47c6-98e7-e645063c7ef8,807634896121296
fc9faf87-69ca-4390-b576-d6cd25a23405,807634896121296
be083f65-f4cf-4e1f-9d3b-f1479a5ee53e,807634896121296
5556b5b8-aee8-47ba-87ac-d4a746d8981b,807634896121296
feca996c-c6bf-41bb-aa9b-08b09534efe1,807634896121296
8f82db36-648e-4310-a6dd-8ccbbd936b4f,807634896121296
8ce77668-be17-47e9-a28a-54b9fc36280e,807634896121296
4d1069c3-94cc-4744-8d36-b9f7942b345f,996046820075581
35605c51-fa34-4f0b-a705-1dd244937586,807634896121296
0092c56a-5c76-46df-a483-1f8f6d17666b,607981330833453
a5e247c7-fca7-4b15-b3f8-7e549e8362bd,996046820075581
43eeeb66-14f3-4027-becc-5d668aca7327,807634896121296
e345f24d-bbd0-4fba-8a44-2db7f23008e3,807634896121296
7faf40b0-8436-45fa-9317-e5169b5b4b71,607981330833453
b3babb05-6a1b-4e75-a089-380c1e3d9c29,996046820075581
37f415fe-c672-4a15-a146-b396bccba31e,607981330833453
c7f7fcd7-10b6-4464-8280-da6dd3e7a28e,807634896121296
5bf500ea-c88c-4b05-88b0-2880e79003e4,807634896121296
7f1d5020-533f-4f3f-9b05-43f563d57cbd,134430941056733
f372bfda-19ef-43c9-8500-1e45e437adb9,134430941056733
3a47b9bb-cbb6-4df9-beab-91076b8a2a33,615308165646893
a284e67b-0890-43da-8436-5e176d632be6,465045215752590
4d26fa65-b521-48d2-a581-411fc7c2f951,465045215752590
f1b73fab-b1fc-4d56-9b1a-6a41686aac2c,465045215752590
7b5fe47f-7913-4b9f-81d5-81279f182cbb,465045215752590
6b55e396-3b47-4094-898c-2310d448eeba,465045215752590
37c272d5-798a-4528-9b33-066636fae760,465045215752590
6fd2c6f3-c930-4b96-bd85-163a3776fa0c,182321587666606
c2114d1f-5577-420f-8603-4c1c21180428,432606147106585
71a8db31-808b-4b96-9f27-cef7f22c7d52,530002959311562
8753a5a6-fd24-4d47-8d6a-26e1fcd97892,158398420481857
c15ca7df-fbec-4904-8710-8ac9dd4f73d8,158398420481857
b0274304-c0ff-4e8d-a17e-9fef4e1d0ec2,904499274138115
ec46d880-53b1-4050-b0ea-972460e1018a,904499274138115
fc471d85-3949-43ad-b127-a3802fe8060a,904499274138115
c0729106-3959-4ee2-bf06-057321e7ee77,904499274138115
748369bf-89c4-482c-a654-4a32a30c0755,904499274138115
a4e38508-da8d-4934-9942-107bc30618bc,652883143456877
2685492f-45ab-45bd-909c-5a9f9194713d,652883143456877
adf2cca4-88f5-4d88-9113-8247a5cb3e76,343078810797887
cc455a76-ea8c-496a-b0ea-c6668ce42c41,432961955203925
b8156714-81e0-4685-b507-5f5d111ee8c4,432961955203925
0702cccc-728f-4309-ba42-6182777c86c6,722209733147356
e7b8b213-219f-43dd-99e3-14095a627081,432961955203925
83ea464e-38a9-402a-a4a7-14993a29923e,432961955203925
57c77eae-7eed-47ed-8390-62b3305e6ee7,432961955203925
888fd5cb-7ccb-4f8d-a8e4-9291b25950c3,722209733147356
3a405e28-aebb-4b3c-8024-3c7de115c9fc,722209733147356
582aed0d-0999-4c1b-94c5-05e8292ca689,925325060248506
1a67f90b-02cc-46e9-84b5-2e7b8c19e6d9,925325060248506
32d0875a-9779-409d-8adf-71a520b5ec96,925325060248506
9b43fe88-9666-49c7-9a02-98781f22dadf,843695847002604
bc17ebec-6d56-4dab-adad-49e88271bf34,843695847002604
ba8e9bf8-9fb0-4233-8b64-bad0525f48a3,843695847002604
dbd0bb39-23db-43ac-b3b4-a2ecbc055c0c,843695847002604
d2b9973a-6eca-45f6-9325-855e8b23c85d,277818375548208
fb3cafec-1d20-42b8-a58e-0c75e9bc662f,276120504317162
c2d93c7c-4a9e-41e8-8020-260b28149678,277818375548208
a336ed7c-5de9-4dad-ae2c-7a1afc38ab96,277818375548208
694c5793-f66a-422b-8da2-b9a95e22a681,276120504317162
e9242d46-2f09-44b9-a2c0-ad99c69531e2,276120504317162
632ef2db-d653-46dd-aed1-217c4b96348f,7655100341788520
f915089c-81bf-43d2-bf00-a5c17ffff416,7655100341788520
ef9a17e4-3a06-4034-bd03-6e1975babf11,7655100341788520
e5606e0b-c561-4894-8f08-7310887a88b9,7655100341788520
3cc8730a-7623-44e7-93c5-5edf8be06dc4,7655100341788520
ae9bb548-0b01-45ea-a37e-deecdc211928,7655100341788520
1053d127-93d7-4800-add4-80a53406a56d,7655100341788520
762a006a-c277-4110-b50d-0b30948f6133,7655100341788520
93f67f66-b802-405e-ba05-86d017f6c41d,425527357545703
2775c997-0ccc-4032-a5b9-b152621cb0e8,160811602175613
f7171ccf-133e-4042-a5cc-2f9bc5e8e6e5,160811602175613
e2c671e8-7776-4908-ad20-102b727e7c0d,160811602175613
30a558de-39fc-4a37-91a8-0edc6d743811,160811602175613
958d5c1b-2256-49a2-ad9a-20c6b8c86944,160811602175613
0bb47236-3480-4811-955c-96380242e93a,160811602175613
1c873193-2fef-4a8c-93a9-3162cd0e844e,160811602175613
8ce16f1a-0421-469e-a961-3449b6f74fba,160811602175613
7c850ed3-eb93-4851-98e2-3460ce40581d,465657476434048
78184559-9df8-4b12-a040-26e47660da5e,465657476434048
d4aeb4e0-72d2-4359-8dc9-12a875216376,688063273084483
aadb6bdd-6cd9-496b-8037-4eef940cddfb,354284374363893
f41866f3-acfa-40f8-bb6d-56df6c5f3a44,354284374363893
f0743d5b-c13b-4e51-8654-aeacb67f9945,195695184487732
583a5e5e-d34c-462f-9f06-df32dbeb9e01,617857228132622
8011097d-f56b-479d-ab07-378a3474e6a3,101841693211285
99b5babe-aa26-4aef-81e3-7e3395702fc5,617857228132622
a76344a4-3e52-47d8-88eb-3f9fba782ae1,101841693211285
224900d1-a135-4eb5-91db-ff667db07ac6,352613462911538
65abb465-c309-451c-a800-d2471d7ed5fb,352613462911538
2da563e1-f20f-4d90-9fd4-e32998afd9a4,352613462911538
256c8765-423e-4633-81ca-755b4271293d,352613462911538
b5c71cae-35c1-49cc-907c-5ec8303501bc,570741997431866
487a28ad-9c66-4f76-8020-f6265d9da8ab,352613462911538
9de32b97-4429-41b8-bdd0-3652a7110f77,352613462911538
6adee173-884e-43ba-80f3-93dbec11b31d,252594639353992
e6886196-6d80-4e88-8233-c69bf3419bd7,252594639353992
c639e960-ce86-47db-8b1e-68d85002763a,252594639353992
07408154-1bed-4f58-8c89-ad58fdf7fa8a,252594639353992
dac7042f-5d27-474b-a2d3-b9f1f8fdf44f,956125019399368
df7b60ce-ed90-4ca9-88cc-21dfe49b48d2,715190021680493
43055f98-260d-4e50-a300-5dff806caada,715190021680493
4bdcd596-837a-4286-8a71-3d52d0527d3e,956125019399368
d8a61e00-5315-418c-8d4f-dcf30900f955,715190021680493
b14ae036-4769-4737-86b6-7267efa2e891,259204535084502
c29b0dff-63ff-4440-b247-2381349971df,259204535084502
7829d79b-2814-4d84-9c49-a5850eab16f1,556349202204954
4fcd1436-727e-4caf-ad82-237b9f05b9b1,556349202204954
b44c86cb-9292-4358-82d2-e72afe34e593,556349202204954
e43b9b23-160e-4851-a3a0-8bc36a0b3f03,556349202204954
7f62986d-bb3c-4035-991f-258744e7c212,556349202204954
31bc5fc3-be5c-42f5-ac63-614c4e0b8611,556349202204954
42ce702b-7e49-4a60-9794-8c69f9d1663e,556349202204954
dda6b760-1126-4a12-b77a-de3e3c5574d2,556349202204954
c2d2f4d6-cd69-4b25-aeb1-e73ed458fbc6,556349202204954
19a7a9f3-2d00-48d6-a168-45a9addfb4da,556349202204954
b8fbe54c-e0d5-4f49-9b7e-9206c9017d3f,556349202204954
bdd9d5d3-a444-43d8-9875-fe60e882691b,556349202204954
1a01a387-aae9-4f60-aa02-f2542a40a8c6,718533150148343
3b253a0e-88ab-41f1-96c0-37a2a57f79e9,718533150148343
cd84bc7d-1786-44fb-a4af-2d7fc17de2de,718533150148343
88f8b7ee-a1af-4718-b694-870c20780e2f,556349202204954
e031a95c-8fce-431a-9118-628b4e9a829d,556349202204954
5b444f3c-61aa-4278-9b38-930c4df8108f,556349202204954
fe9a378d-da92-4c50-a79d-ff2152ef3409,556349202204954
8ba5fea5-7932-47dc-afb8-bdd807c69b44,556349202204954
f024b5a0-36e0-41fc-8b46-7da0c6dee5cd,556349202204954
02f5d2e6-dab2-48c7-a5e0-4cca1a1713e1,556349202204954
4dd3246f-4e91-4626-b129-470573c26a68,556349202204954
75d88ddd-3621-4598-8289-1b54a92a3737,556349202204954
d119f9d3-677f-4d8c-8469-8ea7c8040936,556349202204954
ed86929c-16bd-49b8-b1bb-e40efdd4f5fb,556349202204954
d1277a67-099c-4d2e-9749-a7a682984156,556349202204954
6fd01ca4-869f-4242-88c7-ddcd9d974d7b,718533150148343
d181f082-b8f5-44d6-aead-6c53275df764,718533150148343
63a762cb-40bc-411f-b602-99242879fd95,718533150148343
2d014ff0-ea74-4a84-a6d2-27bff82c5ea8,718533150148343
dc8a9fc5-60d4-4c88-bc48-93f36787de9b,718533150148343
2154cb26-b6f2-440b-b825-00f2c8884615,718533150148343
f1311330-f399-4732-9385-b56d39bf5d23,831154816264695
fd81814c-7cd2-49a2-a456-4b7f77cc73ea,252594639353992
26886ce7-3f66-4c3c-9c34-9a280f5ccb56,252594639353992
86ca04df-4a70-464d-bfc1-5035ac888ef4,252594639353992
6f4d2933-c628-474c-9fd4-7a5019c8796f,252594639353992
8e21cf67-29cf-41bb-8470-78ea33b2b686,134430941056733
2bc2bcc5-b5c1-4014-82dd-f2e33c0997b6,134430941056733
2668432f-f063-4f11-9763-b4a7506555f1,362037317051978
e9f2054d-5ed1-4f91-a7a5-5e2c2e299c4d,563340718775608
27adc842-c8fc-451b-b067-93d3693c8bc8,718533150148343
64167904-13f3-49cf-adc2-597be6273f15,718533150148343
c0aee36a-00d8-4b83-bf58-22a164f9d445,718533150148343
8c96aa5f-2701-414f-a780-3dc30c408525,106569425791120
1736608f-c778-43db-99a0-6780c78a5ebe,106569425791120
c2acffdb-ee39-4672-8c3e-02e8f40f37de,774671297587594
